date,description,cash-in,cash-out,balance,find a way to address,Comments - not dated
26/07/26,service parts for 3 buses,5400,4100,1300,,felix salary advance 1000 deduct 500 from september and october salries
,servicing labour ,,700,600,,skinner salary advance decuct 500 from september salary ad october salary
30/07/26,july cashing,5400,,6000,,7th - 9th sept aig was in the garage for panel beating & machinical problem(no cashing) aig got into an accident on sundat 6th aug - driver fired
,july salaries 3 drivers,,6000,0,,13/09/26 skinner 1000 advance total is 2000
2/8/2026,cashing 3 buses,5400,,5400,,aih servicing & shock abosorbers need change
,steering wheel pump,,2200,3200,,aih needs shock abosrbers
,front top bushes complete set,,3500,-300,,aig needs brushes complete set
,break shocs fixing,,500,-800,,
,atf,,300,-1100,,
6/8/2026,wheel/chamber alignement,,500,-1600,,
6/8/2026,didn?t record properly ,3000,,1400,,
,left door fixing AIG5301,,1500,-100,,
,july village banking repayment,,9300,-9400,mixing business money with personal money ,
9/8/2026,cashing for AIF & AIH,4200,,-5200,"include something where she writes bigger comments that she can view later in requirments cause she takes down notes like future parts for buses, etc ",
,AIG in garage 4 panel beating = no-cashing ,,,,,
,servicing aih2715,,150,-5350,,
,driver salary + aug salary,,2200,-7550,,
,aig gearbox servicing + labour,,1500,9050,,
13/8/26,buses parked from 13-17 during voting period,,,,,
13/8/26,cashing from 10-12 august,2700,,-6350,,
,mwansas birthday,,1000,-7350,my birthday as a son she removed a gift,
,home use,,1700,-9050,,
20/8/26,cashing 1800 x 3,5400,,-3650,,
,salary advance felix (has a funeral),,1000,-4650,,
23/8/26,cashing 1800 x 3,5400,,750,,
,home use (mom),,750,0,,
26/8/26,sun - wed cashing x 3 ,6300,,6300,,
,salary advance driver ,,1000,5300,,
27/8/26,aig heating problem fixing,,,,,
,presumptive tax - aaig + aif (3rd quarter),,1350,3950,,
28/8/26,temp gauge buying + fixing aig,,1500,2450,,
30/8/26,thursdat to sat cashing aih+aif,3600,,6050,,
,aig didn?t work one was inactive for one day,1200,,7250,,
,lights fixing changing in aih,,100,,,
,salaries (felix 2000 + skinner 2000 + isaac 1000),,5050,2200,,
3/9/2026,cashing 3 buses x 3 days ,5400,,7600,,
6/9/2026,locking aig fan,,400,7200,,
,service parts for 3 buses,,4200,3000,,
,fan clutch for aig,,1800,1200,,
,labour fan + service 2 buses,,820,400,,
,engine coolant + car wash,,150,250,,
,panel beatinf aig,,3500,-3250,,
13/09/26,disc skimming aig + labour,,800,-4050,,
,servicing labour and parts for buses + personal vehicle,,1050,-5100,,
,fixing bus chairs aig,,400,-5500,,
,cashing 3 buses x 3 days ,,,,,
,stabilizers links auris + tport yango,,800,,,
18/09/26,fixing temp gauge aif,,1100,,somewhere around here there was add 8000 + 5000,
,fitness,,300,,,
28/09/26,choolwe front top brushes in tanzania,,2200,,,
,salary advance skinner,,1000,,,
,skinner rtsa pernaly and traffic violation,,2600,13500,,
,salaries felix and skinner,,4500,18000,,
,identity certificates + rsl renewal,,,,,
30/09/26,front top brushes in dar aih,,2100,,,
,,,,,decided to find a system that completely removes business money from personal.. Problem is the loans used for the business were gotten using personal credentials. ,
4/10/2026,cashing x 3days,5400,,5400,,
,bus loan repayments (9350 village banking and 5650 carecoop),,15000,-9600,,
